"","x"
"TCGA-AG-3883",2.5
"TCGA-RD-A8N5",0.631578947368421
"TCGA-AD-A5EK",1.65789473684211
"TCGA-AG-A02N",53.0526315789474
"TCGA-VQ-AA64",5.73684210526316
"TCGA-BR-7196",1.39473684210526
"TCGA-3L-AA1B",2.60526315789474
"TCGA-AA-3521",0.315789473684211
"TCGA-F1-6875",1.68421052631579
"TCGA-AD-6895",36.7631578947368
"TCGA-D5-5541",1.34210526315789
"TCGA-A6-6652",1.73684210526316
"TCGA-BR-8382",21.4473684210526
"TCGA-CG-5719",1.05263157894737
"TCGA-IN-A6RJ",2.18421052631579
"TCGA-AY-A8YK",1.44736842105263
"TCGA-CG-4442",33.6842105263158
"TCGA-AA-3858",1.23684210526316
"TCGA-AG-4021",2.94736842105263
"TCGA-CM-4751",1.89473684210526
"TCGA-AZ-4323",0.868421052631579
"TCGA-CM-6164",1.55263157894737
"TCGA-BR-6454",2.92105263157895
"TCGA-DY-A1DG",3.5
"TCGA-D7-A4YV",20.9473684210526
"TCGA-VQ-A91X",4.65789473684211
"TCGA-BR-6707",1.39473684210526
"TCGA-AA-3856",1.34210526315789
"TCGA-B7-A5TK",0.947368421052632
"TCGA-AA-3930",3.81578947368421
"TCGA-BR-8081",20.3421052631579
"TCGA-D7-A4YY",9.97368421052632
"TCGA-D5-6537",2.23684210526316
"TCGA-CA-6717",188.552631578947
"TCGA-CA-5256",1.65789473684211
"TCGA-CG-5733",25.5526315789474
"TCGA-CG-5720",1.5
"TCGA-BR-8058",0.842105263157895
"TCGA-D7-A74A",2.84210526315789
"TCGA-AG-A01Y",1.76315789473684
"TCGA-F4-6570",39.0526315789474
"TCGA-BR-8682",1.36842105263158
"TCGA-BR-7958",3.44736842105263
"TCGA-BR-8370",2.23684210526316
"TCGA-AG-A01J",1.94736842105263
"TCGA-BR-A44T",0.184210526315789
"TCGA-CK-4951",92.7894736842105
"TCGA-RD-A8N1",2.13157894736842
"TCGA-D7-A747",2.02631578947368
"TCGA-FP-A8CX",1.89473684210526
"TCGA-G4-6294",3.31578947368421
"TCGA-BR-4253",1.84210526315789
"TCGA-A6-6648",2
"TCGA-QG-A5Z2",24.1052631578947
"TCGA-HF-7131",1.84210526315789
"TCGA-DM-A282",1.97368421052632
"TCGA-AA-3842",1.78947368421053
"TCGA-G4-6588",48
"TCGA-RD-A8MV",1.57894736842105
"TCGA-AA-A00Z",0.263157894736842
"TCGA-AA-3955",2.73684210526316
"TCGA-AA-3986",1.71052631578947
"TCGA-MX-A5UJ",33.3157894736842
"TCGA-BR-7851",31.0526315789474
"TCGA-F4-6461",2.84210526315789
"TCGA-AA-3821",18.8684210526316
"TCGA-R5-A7ZF",1.05263157894737
"TCGA-A6-2678",0.578947368421053
"TCGA-D5-6929",2.73684210526316
"TCGA-AF-4110",1.94736842105263
"TCGA-VQ-A8P5",4.47368421052632
"TCGA-AG-A025",1.52631578947368
"TCGA-FP-7916",1.81578947368421
"TCGA-BR-4256",22.6578947368421
"TCGA-DM-A28A",2.71052631578947
"TCGA-AA-3534",0.473684210526316
"TCGA-AD-5900",34.6842105263158
"TCGA-BR-8687",3.81578947368421
"TCGA-BR-4279",0.789473684210526
"TCGA-HU-A4GF",2.94736842105263
"TCGA-F5-6814",207.815789473684
"TCGA-G4-6586",27.1842105263158
"TCGA-BR-A44U",1.76315789473684
"TCGA-KB-A93J",3.68421052631579
"TCGA-AA-3812",2.36842105263158
"TCGA-AA-3495",2.26315789473684
"TCGA-HU-A4H4",13.8947368421053
"TCGA-AA-3864",55.4210526315789
"TCGA-BR-6852",24
"TCGA-A6-A56B",2
"TCGA-AA-3556",0.342105263157895
"TCGA-CA-5797",1.39473684210526
"TCGA-R5-A7ZE",3.15789473684211
"TCGA-D7-A4Z0",6.78947368421053
"TCGA-CD-5802",1.05263157894737
"TCGA-AA-3517",0.236842105263158
"TCGA-D5-6532",2.23684210526316
"TCGA-A6-5660",2.63157894736842
"TCGA-G4-6297",1.71052631578947
"TCGA-AA-3544",0.447368421052632
"TCGA-AA-3697",4.18421052631579
"TCGA-A6-6654",3.76315789473684
"TCGA-BR-8384",0.921052631578947
"TCGA-AA-3989",2.44736842105263
"TCGA-EQ-8122",3.71052631578947
"TCGA-CM-6162",23.5526315789474
"TCGA-BR-6452",96.8947368421053
"TCGA-CG-4444",3.36842105263158
"TCGA-CD-A4MG",53.4210526315789
"TCGA-DY-A1H8",2.05263157894737
"TCGA-D7-6528",6.73684210526316
"TCGA-D5-6926",2.10526315789474
"TCGA-CG-4304",1.5
"TCGA-AH-6549",1.65789473684211
"TCGA-AA-A01K",2.81578947368421
"TCGA-AG-4005",2.18421052631579
"TCGA-BR-7717",2.60526315789474
"TCGA-AG-3896",2.52631578947368
"TCGA-A6-6781",117.078947368421
"TCGA-AG-A032",1.55263157894737
"TCGA-BR-8485",6.57894736842105
"TCGA-VQ-A925",2.44736842105263
"TCGA-AA-A029",1.76315789473684
"TCGA-A6-2681",2.92105263157895
"TCGA-CI-6623",1.5
"TCGA-CK-5913",19.1578947368421
"TCGA-AA-3975",2.86842105263158
"TCGA-A6-6649",2.28947368421053
"TCGA-FP-A9TM",3
"TCGA-VQ-A91A",2.76315789473684
"TCGA-CG-4476",2.52631578947368
"TCGA-A6-2685",1.02631578947368
"TCGA-AA-3971",1.71052631578947
"TCGA-BR-4201",34.0263157894737
"TCGA-NH-A50T",2.86842105263158
"TCGA-CG-4437",11.1578947368421
"TCGA-AG-3742",3.07894736842105
"TCGA-AG-3898",2.10526315789474
"TCGA-D5-6930",28.1578947368421
"TCGA-BR-A452",2.10526315789474
"TCGA-VQ-A8E2",2.44736842105263
"TCGA-BR-4371",2.94736842105263
"TCGA-AZ-4308",1.36842105263158
"TCGA-HU-8245",1.39473684210526
"TCGA-CG-4462",1.18421052631579
"TCGA-AA-3867",2.15789473684211
"TCGA-HU-A4GN",25.3684210526316
"TCGA-A6-2679",3.10526315789474
"TCGA-D7-6526",4.15789473684211
"TCGA-AG-3575",0.342105263157895
"TCGA-D5-6928",37.5
"TCGA-BR-8591",35.3157894736842
"TCGA-CL-4957",1.71052631578947
"TCGA-AA-A02W",1.71052631578947
"TCGA-VQ-AA6A",1.94736842105263
"TCGA-AA-A010",337.131578947368
"TCGA-CM-5344",1.23684210526316
"TCGA-AA-3514",0.684210526315789
"TCGA-AA-A01P",34.3157894736842
"TCGA-EI-6513",2.92105263157895
"TCGA-CK-5916",33.6578947368421
"TCGA-BR-A4CQ",3.68421052631579
"TCGA-BR-7901",3
"TCGA-AZ-6608",2.94736842105263
"TCGA-D7-8570",2.26315789473684
"TCGA-NH-A6GC",2.55263157894737
"TCGA-D7-5577",2.52631578947368
"TCGA-AZ-5403",1.42105263157895
"TCGA-CG-5716",0.210526315789474
"TCGA-BR-6563",1.23684210526316
"TCGA-KB-A6F5",1.15789473684211
"TCGA-BR-8365",0.552631578947368
"TCGA-CD-8533",2.28947368421053
"TCGA-CM-5861",32.8684210526316
"TCGA-BR-8059",16.4473684210526
"TCGA-AG-A014",2.05263157894737
"TCGA-AA-3692",1.36842105263158
"TCGA-BR-7959",2
"TCGA-CM-6167",1.68421052631579
"TCGA-BR-6457",2.21052631578947
"TCGA-VQ-A8PF",1.97368421052632
"TCGA-AA-3844",2.47368421052632
"TCGA-NH-A8F7",4.73684210526316
"TCGA-DM-A28M",1.86842105263158
"TCGA-AZ-6603",1.68421052631579
"TCGA-AA-3814",2.02631578947368
"TCGA-R5-A7ZR",1.44736842105263
"TCGA-BR-8078",37.9210526315789
"TCGA-AA-3862",1.86842105263158
"TCGA-VQ-AA6J",2.84210526315789
"TCGA-HU-A4H2",3.63157894736842
"TCGA-VQ-A8PS",0.815789473684211
"TCGA-NH-A50U",1.68421052631579
"TCGA-CD-5804",1.5
"TCGA-D5-6534",3.26315789473684
"TCGA-AG-A02G",0.973684210526316
"TCGA-BR-6566",19.4473684210526
"TCGA-G4-6320",23.6842105263158
"TCGA-CD-8536",21.2631578947368
"TCGA-CG-5718",1.63157894736842
"TCGA-BR-8361",36.7894736842105
"TCGA-VQ-A91Y",0.973684210526316
"TCGA-BR-4267",1.89473684210526
"TCGA-5M-AAT6",45.5263157894737
"TCGA-AA-3532",0.473684210526316
"TCGA-CK-6751",3.65789473684211
"TCGA-AA-3684",2.68421052631579
"TCGA-VQ-A8PE",2.5
"TCGA-F5-6864",2.92105263157895
"TCGA-F4-6807",3.44736842105263
"TCGA-AA-3837",2.97368421052632
"TCGA-VQ-A91V",5.05263157894737
"TCGA-D7-A4YX",1.52631578947368
"TCGA-VQ-A8E7",1.86842105263158
"TCGA-DM-A0XF",2.60526315789474
"TCGA-AZ-6606",2.60526315789474
"TCGA-DM-A1HB",26.8684210526316
"TCGA-CD-8529",8.28947368421053
"TCGA-CM-5862",1.60526315789474
"TCGA-A6-A566",3.52631578947368
"TCGA-G4-6310",2.07894736842105
"TCGA-CG-5723",40.7368421052632
"TCGA-A6-5657",2.36842105263158
"TCGA-BR-8676",1.60526315789474
"TCGA-DM-A28G",2.36842105263158
"TCGA-CG-5730",3
"TCGA-VQ-A8PX",13.0263157894737
"TCGA-EI-6917",118.947368421053
"TCGA-D7-8579",2.23684210526316
"TCGA-AG-A02X",2.60526315789474
"TCGA-MX-A663",1.78947368421053
"TCGA-ZQ-A9CR",2.21052631578947
"TCGA-BR-7704",7.5
"TCGA-BR-8373",1.63157894736842
"TCGA-AA-3949",26.7894736842105
"TCGA-AA-3494",1.94736842105263
"TCGA-HU-A4H5",5.94736842105263
"TCGA-AA-A01Z",2.18421052631579
"TCGA-BR-A4PE",4.26315789473684
"TCGA-B7-A5TI",13.8947368421053
"TCGA-CD-5798",1.57894736842105
"TCGA-HU-A4G2",0.921052631578947
"TCGA-AG-A002",271.289473684211
"TCGA-EI-6509",1.23684210526316
"TCGA-AY-6197",25.2368421052632
"TCGA-AA-3667",1.52631578947368
"TCGA-CG-5728",32.3684210526316
"TCGA-HF-7134",5.71052631578947
"TCGA-DM-A28E",1.81578947368421
"TCGA-IN-A6RS",1.86842105263158
"TCGA-CM-6679",1.26315789473684
"TCGA-CG-5726",29.2105263157895
"TCGA-CD-A48A",4.84210526315789
"TCGA-AM-5821",28.7631578947368
"TCGA-AA-3695",3.23684210526316
"TCGA-G4-6295",3.10526315789474
"TCGA-MX-A666",2.15789473684211
"TCGA-BR-4183",0.973684210526316
"TCGA-BR-7722",0.789473684210526
"TCGA-VQ-A91N",2.15789473684211
"TCGA-AA-3861",2.23684210526316
"TCGA-AY-4070",2.92105263157895
"TCGA-BR-4188",1.65789473684211
"TCGA-BR-7715",2.81578947368421
"TCGA-AG-4007",3.10526315789474
"TCGA-DM-A28F",4.89473684210526
"TCGA-BR-A4QI",2.60526315789474
"TCGA-AA-3850",2.18421052631579
"TCGA-VQ-A8PM",1.02631578947368
"TCGA-BR-8487",66.5263157894737
"TCGA-DM-A1D4",3.63157894736842
"TCGA-BR-4292",32.1052631578947
"TCGA-BR-A4PF",2.42105263157895
"TCGA-D7-6818",3.60526315789474
"TCGA-VQ-A927",0.842105263157895
"TCGA-AA-3531",0.368421052631579
"TCGA-AA-3977",176.236842105263
"TCGA-BR-8678",2.44736842105263
"TCGA-CG-4465",14.7631578947368
"TCGA-AA-3968",2.57894736842105
"TCGA-D7-A6EV",3.10526315789474
"TCGA-CM-6161",1.78947368421053
"TCGA-AA-3980",2.07894736842105
"TCGA-KB-A93G",1.76315789473684
"TCGA-IN-7806",1.5
"TCGA-D7-A6EY",31.8421052631579
"TCGA-AA-3662",1.68421052631579
"TCGA-BR-4363",14.2105263157895
"TCGA-G4-6306",2.5
"TCGA-CD-A487",3.81578947368421
"TCGA-CK-6746",28.7631578947368
"TCGA-A6-2682",1.71052631578947
"TCGA-AA-3524",0.342105263157895
"TCGA-FP-7998",1.28947368421053
"TCGA-D7-A6F2",1.39473684210526
"TCGA-AA-A01T",1.94736842105263
"TCGA-HJ-7597",16.5526315789474
"TCGA-BR-A4IZ",0.184210526315789
"TCGA-BR-4368",29.3947368421053
"TCGA-D5-6541",2.02631578947368
"TCGA-F4-6805",1.42105263157895
"TCGA-BR-A4IU",0.447368421052632
"TCGA-A6-6782",2.86842105263158
"TCGA-BR-6803",0.210526315789474
"TCGA-AA-3713",24.5263157894737
"TCGA-EI-6883",2.07894736842105
"TCGA-F1-6177",30.1052631578947
"TCGA-AA-3831",2.39473684210526
"TCGA-D7-6518",1.28947368421053
"TCGA-AA-A01C",1.68421052631579
"TCGA-HU-A4GJ",0.0526315789473684
"TCGA-AZ-6598",56
"TCGA-SW-A7EA",13.7631578947368
"TCGA-RD-A8N4",0.0263157894736842
"TCGA-AA-3678",1.55263157894737
"TCGA-D5-5537",1.97368421052632
"TCGA-BR-8296",1.18421052631579
"TCGA-F1-6874",20.7631578947368
"TCGA-CK-6748",1.15789473684211
"TCGA-VQ-A922",2.92105263157895
"TCGA-BR-8367",1.26315789473684
"TCGA-AG-A00Y",4.73684210526316
"TCGA-KB-A6F7",2.31578947368421
"TCGA-MX-A5UG",0.684210526315789
"TCGA-BR-4366",2.81578947368421
"TCGA-G4-6303",1.89473684210526
"TCGA-AA-3972",1.71052631578947
"TCGA-A6-3807",2.05263157894737
"TCGA-HU-A4GY",0.947368421052632
"TCGA-IN-7808",2.31578947368421
"TCGA-AA-3502",3.86842105263158
"TCGA-AA-3561",0.394736842105263
"TCGA-DC-6158",1.71052631578947
"TCGA-AA-A02H",1.57894736842105
"TCGA-CM-6165",2.15789473684211
"TCGA-BR-6455",1.71052631578947
"TCGA-BR-8592",0.605263157894737
"TCGA-VQ-A94R",6.28947368421053
"TCGA-NH-A6GB",3.23684210526316
"TCGA-AA-A02K",2.92105263157895
"TCGA-AA-3673",1.55263157894737
"TCGA-AA-A00O",1.84210526315789
"TCGA-AA-3966",58.6315789473684
"TCGA-F4-6703",9.57894736842105
"TCGA-F4-6459",2.65789473684211
"TCGA-CM-4748",1.31578947368421
"TCGA-BR-6705",1.60526315789474
"TCGA-AG-3890",2.07894736842105
"TCGA-D7-6519",1.05263157894737
"TCGA-AZ-6599",4.94736842105263
"TCGA-AG-3731",3.02631578947368
"TCGA-AA-3492",48.1842105263158
"TCGA-AA-3679",1.39473684210526
"TCGA-AA-3841",1.5
"TCGA-AA-3815",20.3421052631579
"TCGA-DM-A1DA",6
"TCGA-EI-6510",2.31578947368421
"TCGA-CI-6619",1.21052631578947
"TCGA-HF-7132",28.2368421052632
"TCGA-HU-8610",1.28947368421053
"TCGA-CM-6170",1.84210526315789
"TCGA-QG-A5YW",3
"TCGA-D5-6535",3.52631578947368
"TCGA-CA-6715",1.65789473684211
"TCGA-A6-A5ZU",1.78947368421053
"TCGA-AA-3685",1.81578947368421
"TCGA-A6-5666",1.97368421052632
"TCGA-G4-6309",19.2631578947368
"TCGA-CM-5864",3.94736842105263
"TCGA-D5-6920",2.39473684210526
"TCGA-D7-A6EX",2.5
"TCGA-CM-4743",27.7894736842105
"TCGA-RD-A7BS",0.815789473684211
"TCGA-FP-8211",2.42105263157895
"TCGA-IN-8462",2.55263157894737
"TCGA-CL-5918",2.52631578947368
"TCGA-F5-6861",1.89473684210526
"TCGA-AA-A01I",2.34210526315789
"TCGA-IN-A7NR",1.52631578947368
"TCGA-D7-6520",1.18421052631579
"TCGA-CK-4948",2.23684210526316
"TCGA-F4-6856",23.3157894736842
"TCGA-F1-A448",11.1578947368421
"TCGA-CI-6620",1.05263157894737
"TCGA-IN-A6RR",2.84210526315789
"TCGA-BR-8364",0.342105263157895
"TCGA-BR-4294",0.631578947368421
"TCGA-AA-3681",2.5
"TCGA-VQ-A8P2",150.631578947368
"TCGA-CD-A4MJ",15.8947368421053
"TCGA-CD-5801",8.47368421052632
"TCGA-AG-A015",2.42105263157895
"TCGA-D5-6531",3.97368421052632
"TCGA-BR-4369",3.5
"TCGA-VQ-A8DV",1.52631578947368
"TCGA-DM-A285",3.42105263157895
"TCGA-AA-3845",44.9473684210526
"TCGA-AA-3811",73.0789473684211
"TCGA-CM-4746",17.3947368421053
"TCGA-AA-3952",1.86842105263158
"TCGA-HU-A4GX",29.1578947368421
"TCGA-FP-8099",2.71052631578947
"TCGA-AA-3522",0.473684210526316
"TCGA-CM-6678",2.76315789473684
"TCGA-IN-A6RN",2.10526315789474
"TCGA-BR-A4QL",42
"TCGA-EI-6506",2.76315789473684
"TCGA-A6-2684",4.26315789473684
"TCGA-A6-6138",2.15789473684211
"TCGA-CG-4301",1.05263157894737
"TCGA-AG-4015",1.94736842105263
"TCGA-AA-A02O",3.65789473684211
"TCGA-BR-7707",28.7894736842105
"TCGA-VQ-A91S",5.28947368421053
"TCGA-CM-4752",2.60526315789474
"TCGA-AG-3574",0.210526315789474
"TCGA-VQ-A8PJ",3.31578947368421
"TCGA-G4-6626",2.63157894736842
"TCGA-CG-4441",2.23684210526316
"TCGA-HU-8244",2.34210526315789
"TCGA-AF-2692",0.263157894736842
"TCGA-AG-4022",1.84210526315789
"TCGA-VQ-A8PY",1.55263157894737
"TCGA-AD-6963",1.44736842105263
"TCGA-AA-3664",3.18421052631579
"TCGA-CD-8526",1.07894736842105
"TCGA-G4-6323",1.65789473684211
"TCGA-BR-8286",2.73684210526316
"TCGA-VQ-A91E",17.7105263157895
"TCGA-BR-A4J8",1.55263157894737
"TCGA-BR-8381",2.23684210526316
"TCGA-A6-6651",1.78947368421053
"TCGA-VQ-AA6G",2.71052631578947
"TCGA-CD-8528",2.02631578947368
"TCGA-AA-3511",2.39473684210526
"TCGA-CM-5341",3.34210526315789
"TCGA-AA-3870",2.57894736842105
"TCGA-BR-A4J6",0.684210526315789
"TCGA-AZ-6600",2.92105263157895
"TCGA-VQ-AA6F",1.05263157894737
"TCGA-AA-3939",2.60526315789474
"TCGA-G4-6628",45.4736842105263
"TCGA-AG-A01N",2.26315789473684
"TCGA-D7-8578",1.15789473684211
"TCGA-AZ-4313",26.2105263157895
"TCGA-D7-8573",1.63157894736842
"TCGA-CK-4952",3.05263157894737
"TCGA-CG-4305",28.5789473684211
"TCGA-3M-AB47",2.42105263157895
"TCGA-D7-6820",1.55263157894737
"TCGA-EF-5830",1.21052631578947
"TCGA-CD-8530",1.52631578947368
"TCGA-AZ-4616",1.89473684210526
"TCGA-CD-5799",0.684210526315789
"TCGA-CM-6676",1.97368421052632
"TCGA-HU-8608",1.89473684210526
"TCGA-DM-A1D7",2.76315789473684
"TCGA-BR-8484",1.57894736842105
"TCGA-BR-4357",4.84210526315789
"TCGA-EI-6508",2.31578947368421
"TCGA-VQ-A924",31.9473684210526
"TCGA-VQ-A8PD",1.31578947368421
"TCGA-CG-5734",1.55263157894737
"TCGA-G4-6314",2.97368421052632
"TCGA-AA-3715",52.5
"TCGA-AA-3833",14.6315789473684
"TCGA-EI-6885",2.05263157894737
"TCGA-D5-6922",2.15789473684211
"TCGA-VQ-A8E3",17.1578947368421
"TCGA-BR-A453",0.894736842105263
"TCGA-F4-6460",2.94736842105263
"TCGA-DM-A28C",2.23684210526316
"TCGA-RD-A8NB",13.1052631578947
"TCGA-BR-8077",2.36842105263158
"TCGA-BR-6456",0.921052631578947
"TCGA-CM-6166",1.68421052631579
"TCGA-VQ-A8PH",4.31578947368421
"TCGA-AG-3892",118.526315789474
"TCGA-VQ-AA6I",2.15789473684211
"TCGA-VQ-A8PK",1.97368421052632
"TCGA-IN-A6RL",9.26315789473684
"TCGA-F4-6808",2.71052631578947
"TCGA-EI-6512",2.52631578947368
"TCGA-BR-8295",1.13157894736842
"TCGA-IN-A7NT",2.31578947368421
"TCGA-AG-A036",3.55263157894737
"TCGA-SS-A7HO",3.42105263157895
"TCGA-CM-6172",1.84210526315789
"TCGA-BR-4280",16.9473684210526
"TCGA-CG-5717",1.86842105263158
"TCGA-BR-8291",0.605263157894737
"TCGA-CA-5254",4.31578947368421
"TCGA-VQ-AA68",3.78947368421053
"TCGA-D5-6539",2.07894736842105
"TCGA-DM-A0XD",3.28947368421053
"TCGA-D7-A4YT",6
"TCGA-BR-4361",54
"TCGA-D7-5578",4.57894736842105
"TCGA-FP-8631",1.94736842105263
"TCGA-AA-3877",25.4473684210526
"TCGA-AA-3819",3.86842105263158
"TCGA-AA-3675",1.84210526315789
"TCGA-AZ-6607",1.47368421052632
"TCGA-AD-6548",2.47368421052632
"TCGA-F4-6806",2.10526315789474
"TCGA-ZA-A8F6",1.02631578947368
"TCGA-AA-3950",25.4210526315789
"TCGA-BR-6453",3.81578947368421
"TCGA-BR-6709",0.710526315789474
"TCGA-CM-6163",1.97368421052632
"TCGA-D7-6522",0.473684210526316
"TCGA-NH-A8F8",2.21052631578947
"TCGA-AA-3854",2.84210526315789
"TCGA-BR-6801",0.868421052631579
"TCGA-BR-6458",6.15789473684211
"TCGA-CM-6168",4.57894736842105
"TCGA-B7-A5TN",1.63157894736842
"TCGA-AY-6386",2.18421052631579
"TCGA-EI-6881",2.13157894736842
"TCGA-CG-4466",3.97368421052632
"TCGA-CK-5912",1.26315789473684
"TCGA-CI-6622",1.94736842105263
"TCGA-CA-6719",2.44736842105263
"TCGA-AG-A020",1.78947368421053
"TCGA-VQ-A8PP",33.9736842105263
"TCGA-AG-A01L",1.34210526315789
"TCGA-DM-A1D0",2.28947368421053
"TCGA-AG-A01W",2.89473684210526
"TCGA-AZ-5407",2
"TCGA-AA-3984",214.736842105263
"TCGA-CG-4438",2.94736842105263
"TCGA-CG-4449",1.94736842105263
"TCGA-HU-A4H3",21.5789473684211
"TCGA-BR-7716",3.23684210526316
"TCGA-AF-2690",1.52631578947368
"TCGA-AA-3538",0.368421052631579
"TCGA-FP-7829",4.97368421052632
"TCGA-RD-A8MW",1.47368421052632
"TCGA-D5-5540",2.15789473684211
"TCGA-AA-3549",0.368421052631579
"TCGA-IN-A7NU",1.86842105263158
"TCGA-CG-5725",2.34210526315789
"TCGA-VQ-A8PB",18.8684210526316
"TCGA-AA-3520",0.394736842105263
"TCGA-DM-A1DB",1.23684210526316
"TCGA-AA-3696",1.68421052631579
"TCGA-AA-A024",1.55263157894737
"TCGA-5M-AATA",1.42105263157895
"TCGA-DC-5869",1.36842105263158
"TCGA-D5-6927",16
"TCGA-HU-A4H8",26.8947368421053
"TCGA-RD-A8N0",0.0526315789473684
"TCGA-D7-6527",4.47368421052632
"TCGA-CK-4950",3.71052631578947
"TCGA-AA-A01S",1.15789473684211
"TCGA-BR-8371",0.368421052631579
"TCGA-HU-A4H6",2
"TCGA-AA-3866",2.23684210526316
"TCGA-D7-A4YU",4.63157894736842
"TCGA-G4-6298",1.57894736842105
"TCGA-IN-8663",3.26315789473684
"TCGA-D7-6822",5.28947368421053
"TCGA-AG-3584",0.394736842105263
"TCGA-CD-8532",0.684210526315789
"TCGA-CG-5721",92.9210526315789
"TCGA-AD-6890",2.26315789473684
"TCGA-CD-A4MH",1.55263157894737
"TCGA-G4-6293",2.42105263157895
"TCGA-AA-3693",3.02631578947368
"TCGA-CM-5349",2
"TCGA-AA-3519",0.447368421052632
"TCGA-BR-8080",3.28947368421053
"TCGA-D7-6815",2.42105263157895
"TCGA-AA-3872",1.47368421052632
"TCGA-A6-A565",7.39473684210526
"TCGA-CG-4477",2.94736842105263
"TCGA-CG-4436",3.23684210526316
"TCGA-A6-2674",3.94736842105263
"TCGA-CG-4306",26
"TCGA-RU-A8FL",2.68421052631579
"TCGA-AF-3911",1.78947368421053
"TCGA-EI-7002",3.39473684210526
"TCGA-AG-3894",1.89473684210526
"TCGA-AA-A03F",2.73684210526316
"TCGA-G4-6299",3.36842105263158
"TCGA-VQ-A94U",3.15789473684211
"TCGA-HU-A4GP",3.71052631578947
"TCGA-AD-6965",2.42105263157895
"TCGA-AZ-4615",24.0789473684211
"TCGA-CM-6675",1.55263157894737
"TCGA-EI-6514",2.52631578947368
"TCGA-CM-5860",2.13157894736842
"TCGA-BR-A4J5",1.65789473684211
"TCGA-CM-5348",3.60526315789474
"TCGA-CG-5732",0.947368421052632
"TCGA-EQ-A4SO",3.89473684210526
"TCGA-AA-3941",2.47368421052632
"TCGA-BR-8683",2.92105263157895
"TCGA-D5-6924",2.89473684210526
"TCGA-VQ-A8PO",19.8947368421053
"TCGA-AZ-4315",144.657894736842
"TCGA-D7-6524",1.60526315789474
"TCGA-AG-3882",1.63157894736842
"TCGA-AG-A00H",1.55263157894737
"TCGA-D7-8575",1.05263157894737
"TCGA-AA-3852",2.89473684210526
"TCGA-NH-A6GA",1.71052631578947
"TCGA-G4-6625",2.26315789473684
"TCGA-HU-A4GH",16.6052631578947
"TCGA-BR-8285",2.05263157894737
"TCGA-BR-A4J1",1.26315789473684
"TCGA-CD-8525",1.55263157894737
"TCGA-NH-A50V",3.13157894736842
"TCGA-AA-3548",0.368421052631579
"TCGA-RD-A7BT",4.89473684210526
"TCGA-BR-8360",20.0789473684211
"TCGA-G5-6233",3.57894736842105
"TCGA-CI-6624",5.76315789473684
"TCGA-D7-A748",0.763157894736842
"TCGA-RD-A7BW",1.13157894736842
"TCGA-CA-5796",1.31578947368421
"TCGA-CK-5914",2.92105263157895
"TCGA-AY-A54L",3.02631578947368
"TCGA-AA-A02Y",2.5
"TCGA-CG-4474",1.84210526315789
"TCGA-G4-6321",1.36842105263158
"TCGA-VQ-A91U",2.86842105263158
"TCGA-BR-4257",24.7105263157895
"TCGA-R5-A805",2.60526315789474
"TCGA-A6-6653",25.7105263157895
"TCGA-HU-A4GD",1.65789473684211
"TCGA-A6-2677",5.18421052631579
"TCGA-AA-A02J",2.52631578947368
"TCGA-VQ-A91Z",3.05263157894737
"TCGA-SW-A7EB",2.84210526315789
"TCGA-CG-4443",1.89473684210526
"TCGA-AA-3869",1.47368421052632
"TCGA-BR-8686",2.07894736842105
"TCGA-VQ-AA69",1.31578947368421
"TCGA-D5-6538",2.89473684210526
"TCGA-A6-2680",2.23684210526316
"TCGA-G4-6317",4.71052631578947
"TCGA-D7-A6F0",2.44736842105263
"TCGA-VQ-A92D",2.52631578947368
"TCGA-AG-A016",1.73684210526316
"TCGA-AA-A022",65
"TCGA-VQ-A94T",1.44736842105263
"TCGA-D7-5579",3.05263157894737
"TCGA-F5-6863",1.42105263157895
"TCGA-A6-6780",81.8157894736842
"TCGA-AU-3779",2.13157894736842
"TCGA-AA-3818",2.92105263157895
"TCGA-AA-3846",1.84210526315789
"TCGA-F4-6855",1.94736842105263
"TCGA-BR-7957",1.02631578947368
"TCGA-AA-3982",2.55263157894737
"TCGA-CM-6169",2.28947368421053
"TCGA-CD-5803",0.684210526315789
"TCGA-DM-A1HA",3.10526315789474
"TCGA-D5-6533",3.36842105263158
"TCGA-AA-3688",1.60526315789474
"TCGA-BR-7197",3.65789473684211
"TCGA-A6-5661",28.2631578947368
"TCGA-CA-6718",76.9473684210526
"TCGA-AA-3660",2.78947368421053
"TCGA-NH-A5IV",56.8684210526316
"TCGA-A6-5665",85
"TCGA-IN-A6RI",2.10526315789474
"TCGA-CA-6716",3.05263157894737
"TCGA-5M-AAT4",3.92105263157895
"TCGA-AA-A004",1.52631578947368
"TCGA-A6-2672",27.6578947368421
"TCGA-BR-8590",2.21052631578947
"TCGA-AA-A01R",75.2894736842105
"TCGA-BR-4370",25.1578947368421
"TCGA-VQ-A91Q",2.07894736842105
"TCGA-CG-4469",6.52631578947368
"TCGA-D5-6931",6.47368421052632
"TCGA-F4-6809",3.15789473684211
"TCGA-AA-3994",3.84210526315789
"TCGA-AG-3887",1.60526315789474
"TCGA-BR-6706",4.15789473684211
"TCGA-A6-4107",3.73684210526316
"TCGA-AA-3848",2.97368421052632
"TCGA-BR-4191",4.47368421052632
"TCGA-DM-A288",1.44736842105263
"TCGA-4T-AA8H",2.71052631578947
"TCGA-AA-3655",1.73684210526316
"TCGA-VQ-A91W",0.815789473684211
"TCGA-D5-6536",2.26315789473684
"TCGA-BR-6564",0.473684210526316
"TCGA-AA-3947",52.2631578947368
"TCGA-AA-3496",2.07894736842105
"TCGA-D7-A6EZ",6.13157894736842
"TCGA-AA-A02R",28.1052631578947
"TCGA-CG-4455",0.815789473684211
"TCGA-G4-6627",1.86842105263158
"TCGA-AZ-4681",1.73684210526316
"TCGA-D5-6540",29.6052631578947
"TCGA-T9-A92H",3.55263157894737
"TCGA-B7-5818",8
"TCGA-A6-5659",12
"TCGA-AY-5543",2.28947368421053
"TCGA-VQ-A8P3",6.02631578947368
"TCGA-AG-A023",1.63157894736842
"TCGA-CD-8527",4.97368421052632
"TCGA-HF-7136",1.73684210526316
"TCGA-VQ-A8P8",1.71052631578947
"TCGA-EI-6507",22.6842105263158
"TCGA-A6-5662",1.28947368421053
"TCGA-BR-A4IV",0.263157894736842
"TCGA-DM-A1D8",3.18421052631579
"TCGA-D5-6529",2.18421052631579
"TCGA-AD-6889",40.3157894736842
"TCGA-BR-4255",1.07894736842105
"TCGA-A6-2675",1.78947368421053
"TCGA-HU-8238",3.63157894736842
"TCGA-BR-4184",70.4210526315789
"TCGA-BR-A4IY",3
"TCGA-HU-8249",3.02631578947368
"TCGA-BR-8690",3.15789473684211
"TCGA-HU-A4HB",0.289473684210526
"TCGA-BM-6198",2.55263157894737
"TCGA-3M-AB46",3.94736842105263
"TCGA-CG-4460",41.7105263157895
"TCGA-BR-A4QM",2.02631578947368
"TCGA-A6-2671",1.55263157894737
"TCGA-VQ-AA6K",1.57894736842105
"TCGA-4N-A93T",1.86842105263158
"TCGA-5M-AATE",2.65789473684211
"TCGA-DM-A1D6",2.05263157894737
"TCGA-A6-6137",2.52631578947368
"TCGA-AA-3509",1.81578947368421
"TCGA-VQ-A91D",53.8421052631579
"TCGA-VQ-A94P",1.23684210526316
"TCGA-AG-A026",4.71052631578947
"TCGA-AA-3560",0.394736842105263
"TCGA-HU-A4GU",32.1052631578947
"TCGA-HF-7133",1.63157894736842
"TCGA-CM-6677",2.81578947368421
"TCGA-BR-A4J7",0.736842105263158
"TCGA-VQ-AA6D",16.2368421052632
"TCGA-B7-5816",26.2105263157895
"TCGA-AA-3979",3.07894736842105
"TCGA-CG-5724",2.15789473684211
"TCGA-AA-3956",2.84210526315789
"TCGA-BR-7703",15.1052631578947
"TCGA-F4-6463",1.5
"TCGA-D5-6932",2.86842105263158
"TCGA-VQ-A8E0",2.15789473684211
"TCGA-VQ-A91K",30.0526315789474
"TCGA-HF-A5NB",32.5263157894737
"TCGA-A6-5667",1.23684210526316
"TCGA-D7-A6ET",0.289473684210526
"TCGA-HU-8602",37.8684210526316
"TCGA-HU-A4G9",17.7631578947368
"TCGA-AA-3526",0.578947368421053
"TCGA-CA-5255",0.947368421052632
"TCGA-CD-A4MI",23.6842105263158
"TCGA-WS-AB45",60.5526315789474
"TCGA-CD-A48C",4.36842105263158
"TCGA-HU-A4HD",3.92105263157895
"TCGA-CK-4947",2.07894736842105
"TCGA-DT-5265",1.68421052631579
"TCGA-D5-6898",1.63157894736842
"TCGA-AA-A01V",2.47368421052632
"TCGA-AG-A00C",3.31578947368421
"TCGA-HU-A4GC",2.78947368421053
"TCGA-AG-3885",1.94736842105263
"TCGA-D7-8572",3.76315789473684
"TCGA-QG-A5YX",1.89473684210526
"TCGA-CM-6680",1.81578947368421
"TCGA-A6-4105",3.47368421052632
"TCGA-AA-3855",2.78947368421053
"TCGA-BR-8060",4.23684210526316
"TCGA-FP-7735",1.02631578947368
"TCGA-G4-6311",2.81578947368421
"TCGA-CD-A489",1.52631578947368
"TCGA-G4-6304",20.6052631578947
"TCGA-G4-6315",3.07894736842105
"TCGA-BR-A4J2",0.605263157894737
"TCGA-BR-8369",4.13157894736842
"TCGA-A6-3809",51.9210526315789
"TCGA-VQ-AA6B",1.78947368421053
"TCGA-F4-6569",2.47368421052632
"TCGA-AA-3530",2
"TCGA-D5-5539",1.92105263157895
"TCGA-IN-A6RO",6.10526315789474
"TCGA-HU-A4GT",33.0789473684211
"TCGA-F5-6810",2.47368421052632
"TCGA-BR-A4CR",1.23684210526316
"TCGA-AA-3851",1.92105263157895
"TCGA-EI-6884",2.18421052631579
"TCGA-AA-3489",2
"TCGA-CM-4747",1.63157894736842
"TCGA-AY-4071",2.5
"TCGA-F5-6571",1.55263157894737
"TCGA-BR-8588",2.39473684210526
"TCGA-AA-3860",1.07894736842105
"TCGA-IN-AB1V",0.921052631578947
"TCGA-HU-A4H0",3.44736842105263
"TCGA-HU-A4GQ",42.6842105263158
"TCGA-RD-A8N6",3.23684210526316
"TCGA-AA-A017",1.05263157894737
"TCGA-AM-5820",1.36842105263158
"TCGA-R5-A7O7",2.26315789473684
"TCGA-AD-6901",5.31578947368421
"TCGA-G4-6322",1.76315789473684
"TCGA-AY-A71X",1.89473684210526
"TCGA-A6-3808",3
"TCGA-BR-8380",1.42105263157895
"TCGA-A6-6650",4.97368421052632
"TCGA-5M-AAT5",1.52631578947368
"TCGA-CD-5813",3.34210526315789
"TCGA-BR-8368",22.5526315789474
"TCGA-A6-5664",1.05263157894737
"TCGA-CD-A486",2.05263157894737
"TCGA-CK-6747",3.63157894736842
"TCGA-AA-3875",2.76315789473684
"TCGA-D5-5538",2.18421052631579
"TCGA-QG-A5YV",3.42105263157895
"TCGA-BR-7723",3.18421052631579
"TCGA-AZ-6605",1.73684210526316
"TCGA-CG-4440",2.94736842105263
"TCGA-FP-A4BE",34.2894736842105
"TCGA-AA-A03J",1.63157894736842
"TCGA-AA-A01X",1.39473684210526
"TCGA-BR-8589",24.1052631578947
"TCGA-VQ-A8PZ",1.5
"TCGA-CG-4300",2.13157894736842
"TCGA-BR-6565",2.65789473684211
"TCGA-BR-8363",29.2894736842105
"TCGA-G4-6307",1.5
"TCGA-VQ-A8PU",2.5
"TCGA-HU-A4G6",1.63157894736842
"TCGA-A6-6142",1.65789473684211
"TCGA-AA-3529",0.236842105263158
"TCGA-AA-A02E",3.31578947368421
"TCGA-AG-3878",2.13157894736842
"TCGA-FP-A4BF",2.07894736842105
"TCGA-CG-5722",1.71052631578947
"TCGA-AD-6899",3.05263157894737
"TCGA-EQ-5647",1.57894736842105
"TCGA-AG-A008",2
"TCGA-AY-A69D",4.13157894736842
"TCGA-CD-8531",5
"TCGA-HU-A4G8",35.1842105263158
"TCGA-EF-5831",3.44736842105263
"TCGA-CM-5863",1.15789473684211
"TCGA-BR-8680",132.684210526316
"TCGA-BR-8372",29.7894736842105
"TCGA-R5-A7ZI",19.3157894736842
"TCGA-CM-4744",3.13157894736842
"TCGA-AA-3967",3.07894736842105
"TCGA-D5-7000",2.18421052631579
"TCGA-AU-6004",23.0263157894737
"TCGA-RD-A8N9",2.26315789473684
"TCGA-IN-AB1X",2.65789473684211
"TCGA-VQ-A8DL",3.65789473684211
"TCGA-F4-6704",1.31578947368421
"TCGA-VQ-A8DT",3.81578947368421
"TCGA-AA-A02F",1.15789473684211
"TCGA-F4-6854",2.55263157894737
"TCGA-KB-A93H",4.28947368421053
"TCGA-VQ-A94O",1.28947368421053
"TCGA-AZ-6601",43.6842105263158
"TCGA-BR-8366",3.84210526315789
"TCGA-AA-3510",70.5526315789474
"TCGA-CM-5868",1.73684210526316
"TCGA-HU-A4G3",2.21052631578947
"TCGA-BR-8297",4.55263157894737
"TCGA-AG-3728",2.23684210526316
"TCGA-D7-8574",0.5
"TCGA-D7-6525",3.23684210526316
"TCGA-AD-A5EJ",35.7368421052632
"TCGA-FP-8210",0.0789473684210526
"TCGA-VQ-A8PQ",0.131578947368421
"TCGA-AA-3666",3.86842105263158
"TCGA-CD-8524",3.05263157894737
"TCGA-AY-6196",4.65789473684211
"TCGA-AA-3973",1.68421052631579
"TCGA-CK-5915",1.57894736842105
"TCGA-G4-6302",20.0263157894737
"TCGA-BR-8284",6.05263157894737
"TCGA-BR-8483",2.47368421052632
"TCGA-VQ-A923",1.89473684210526
"TCGA-BR-8677",1.36842105263158
"TCGA-A6-5656",4.07894736842105
"TCGA-HU-8604",4.36842105263158
"TCGA-VQ-A8PT",31.7105263157895
"TCGA-R5-A804",1.57894736842105
"TCGA-CM-6171",27.9473684210526
"TCGA-RD-A7C1",5.68421052631579
"TCGA-D7-6817",1.68421052631579
"TCGA-VQ-A928",1.31578947368421
"TCGA-DM-A280",2.28947368421053
"TCGA-A6-2686",50.2631578947368
"TCGA-DM-A0X9",3.92105263157895
"TCGA-CG-4475",1.10526315789474
"TCGA-A6-A567",1.10526315789474
"TCGA-AA-3672",41.3157894736842
"TCGA-AA-A00N",211.763157894737
"TCGA-AG-4008",1.81578947368421
"TCGA-AG-3891",13.0789473684211
"TCGA-BR-4187",0.421052631578947
"TCGA-BR-A4CS",3.13157894736842
"TCGA-B7-A5TJ",4.84210526315789
"TCGA-BR-A4PD",3.23684210526316
"TCGA-QL-A97D",4.94736842105263
"TCGA-VQ-A8PC",2.63157894736842
"TCGA-IP-7968",2.31578947368421
"TCGA-HU-8243",2.5
"TCGA-BR-4362",36.3421052631579
"TCGA-AD-6964",34.7631578947368
"TCGA-AA-3663",45.3947368421053
"TCGA-AZ-4614",3.68421052631579
"TCGA-CM-6674",20.6842105263158
"TCGA-D5-6530",25.3157894736842
"TCGA-BR-8486",1.21052631578947
"TCGA-D7-A74B",0.368421052631579
"TCGA-CD-5800",3.26315789473684
"TCGA-F1-A72C",0.973684210526316
"TCGA-VQ-A8DZ",1.71052631578947
"TCGA-AA-3680",2.44736842105263
"TCGA-CG-5727",2.97368421052632
"TCGA-DM-A1D9",2.71052631578947
"TCGA-AA-3506",3.18421052631579
"TCGA-AD-6888",2.23684210526316
"TCGA-BR-A4J4",1.57894736842105
"TCGA-A6-2683",0.710526315789474
"TCGA-A6-3810",5.89473684210526
"TCGA-CI-6621",2.10526315789474
"TCGA-EI-6882",27.9473684210526
"TCGA-DM-A28H",2.68421052631579
"TCGA-IN-A6RP",3.36842105263158
"TCGA-AA-3712",2.57894736842105
"TCGA-AG-3726",2.36842105263158
"TCGA-D7-6521",1.42105263157895
"TCGA-DM-A28K",2.07894736842105
"TCGA-BR-6802",9.92105263157895
"TCGA-VQ-A8DU",3.07894736842105
